Job Title,Category
.NET Azure Developers,Programming
.NET Developers,Programming
.NET Developers Consultant,Programming
.NET Full Stack Developers,Programming
.NET MVC Developers,Web Development
.NET Software Developers,Programming
.NET Software Engineers,Programming
.NET Web Developers,Web Development
1st/2nd Grade Teachers,Education
2nd/3rd Grade Teachers,Education
ABAP Developers,Programming
Account Executives,Sales
Accounting Software Consultants,Sales
Administrative Assistants,IT Admin
Administrator Directors,IT Management
Administrators,IT Admin
Advanced Practitioners,Misc
Aftersales Managers,Sales
Agile Coaches,IT Management
Agile Scrum Masters,IT Management
Analysts,Design
Analysts/Managers,Programming
Analytics Consultants,Social
Analytics Managers,Data
Android Developers,App Programming
Android Engineers,App Programming
Android Software Engineers,App Programming
Angular Developers,Web Development
API Testers,Testing
Application Architects,Programming
Application Developers,App Programming
Application Development Managers,IT Management
Application Engineers,Programming
Application Programmers,Programming
Application Security Architects,Security
Application Security Engineers,Security
Application Software Engineers,Programming
Application Specialists,App Programming
Application Support Analysts,
Application Support Engineers,Programming
Application Support Managers,IT Admin
Application Support Specialists,IT Admin
Application Support Technicians,IT Admin
Apprentice Software Developers,Programming
Apprentice Technicians,Technician
Apprentices,Technician
Architects,Design
ASP.NET Developers,Web Development
ASP.NET MVC Developers,Programming
ASP.NET Software Developers,Programming
ASP.NET Web Developers,Web Development
Associate/Big Data Software Engineers,Data
Assurance Managers,Testing
Audiovisual Technicians,Technician
Audit Senior,Quality
Automation Engineers,Testing
Automation Software Developers,IoT Programming
Automation Testers,Testing
Automotive Engineers,Specialist
Avionics Systems Engineers,Specialist
AWS DevOps Engineers,Cloud
Azure Cloud Engineers,Cloud
Azure Developers,Cloud
Azure DevOps Engineers,Programming
Azure Engineers,Cloud
Back End Developers,Data
Back End Engineers,Data
Back End PHP Developers,Web Development
Back End Software Engineers,Programming
Back End Web Developers,Web Development
Big Data Architects,Data
Big Data Developers,Data
Big Data Engineers,Data
Big Data Managers,Data
BIM Managers,Specialist
Bioinformaticians,Specialist
Bioinformatics Scientists,Specialist
Biztalk Developers,Data
Blockchain Developers,Blockchain
Branch Administrators,IT Management
Brand Content Managers,Sales
Build Engineers,Programming
Business Administrators,IT Admin
Business Analysts,Sales
Business Analysts/Programmers,Programming
Business Development Managers,Sales
Business Information Security Officers,Security
Business Intelligence Analysts,Data
Business Intelligence Consultants,Data
Business Intelligence Developers,Data
Business Intelligence Engineers,Data
Business Managers,Sales
Business Support Administrators,IT Admin
Business Support Managers,IT Sales
Business Systems Administrators,IT Admin
Business Systems Analysts,Design
Business Systems Developers,Programming
Business Systems Project Managers,IT Management
C Developers,Programming
C# .NET Developers,Programming
C# ASP.NET Developers,Web Development
C# Developers,Programming
C/C++ Developers,Programming
C++ Developers,Programming
C++ Engineers,Programming
C++ Programmers,Programming
C++ Software Developers,Programming
C++ Software Engineers,Programming
Campaign Analysts,Social
CDL-A Truck Drivers,NA
Center Administrators,Misc
Change Managers,IT Management
Chief Information Security Officers,Security
Ci/Cd Engineers,IT Admin
Cisco Engineers,Networking
Cisco Network Engineers,Networking
Citrix Engineers,Cloud
Client Implementation Project Managers,IT Management
Client Support Specialists,IT Admin
Client Technical Support Representatives,Sales
Clinical Data Managers,Data
Clojure Developers,Programming
Cloud Architects,Cloud
Cloud Data Architects,Data
Cloud Developers,Cloud
Cloud DevOps Engineers,Cloud
Cloud Engineers,Cloud
Cloud Infrastructure Architects,Cloud
Cloud Infrastructure Engineers,Cloud
Cloud Platform Engineers,Cloud
Cloud Security Architects,Security
Cloud Software Engineers,Cloud
Cloud Solution Architects,Cloud
CMM Programmers,Data
CNC Programmers,Specialist
Commodity Managers,Sales
Community Developers,Social
Community Services Leaders,Misc
Computer Network Technicians,Technician
Computer Programmers,Programming
Computer Technicians,Technician
Computer Vision Engineers,ML/AI
Configuration Engineers,IT Server
Configuration Managers,IT Server
Consultants,Sales
Contemporary Artists,Design
Content Creators,Web Development
Content Designers,Web Development
Content Editors,IT Admin
Content Managers,IT Admin
Content Marketing Managers,Social
Content Strategists,Social
Continuous Improvement Managers,Quality
Contract Developers,Sales
Contract Software Engineers,Sales
Control Systems Engineers,Hardware
Controls Engineers,IoT Programming
Core Developers,Programming
Core Java Developers,Programming
Core Network Engineers,Networking
CRM Developers,IT Admin
CRM Managers,Sales
Customer Delivery Managers,Sales
Customer Experience Managers,Design
Customer Experience Technicians,Testing
Customer Service Administrators,IT Admin
Customer Service Advisors,Sales
Customer Service Associates,Sales
Customer Success Engineers,Sales
Customer Success Managers,Sales
Customer Support Advisors,Sales
Customer Support Engineers,Technician
Customer Support Managers,Sales
Customer Support Specialists,Sales
Customer Support Technicians,Technician
Cyber Risk Managers,Security
Cybersecurity Analysts,Security
Cybersecurity Architects,Security
Cybersecurity Consultants,Security
Cybersecurity Directors,Security
Cybersecurity Engineers,Security
Cybersecurity Managers,Security
Data Administrators,Data
Data Analysts,Data
Data Analytics Engineers,Data
Data Analytics Scientists,Data
Data Architects,Data
Data Coordinators,Data
Data Developers,Data
Data Engineering Managers,Data
Data Engineers,Data
Data Entry Administrators,IT Admin
Data Governance Managers,Quality
Data Input Specialists,IT Admin
Data Intelligence Analysts,Security
Data Management Managers,Data
Data Managers,Data
Data Mining Engineers,Data
Data Modelers,Data
Data Platform Engineers,Data
Data Protection Specialists,Security
Data Quality Managers,Data
Data Science Engineers,Data
Data Science Managers,Data
Data Scientists,Data
Data Software Engineers,Cloud
Data Technicians,Data
Data Visualization Engineers,Data
Data Warehouse Developers,Data
Database Administrators,Data
Database Analysts,Data
Database Architects,Data
Database Developers,Data
Database Engineers,Data
Database Managers,Data
Deep Learning Engineers,ML/AI
Delivery Consultants,Sales
Delivery Drivers/Shift Managers,
Delivery Managers,
Deployment Engineers,Technician
Deployment Managers,Networking
Deputy Managers,IT Management
Designers,Design
Desktop Engineers,Technician
Desktop Support Administrators,Technician
Desktop Support Analysts,IT Admin
Desktop Support Engineers,Technician
Desktop Support Managers,IT Admin
Desktop Support Technicians,Technician
Desktop Technicians,Technician
Developers,Programming
Development Managers,IT Management
Development Officers,Other
Development Project Managers,IT Management
Development Team Leads,Programming
DevOps Architects,Programming
DevOps Engineers,Programming
DevOps Infrastructure Engineers,Cloud
DevOps Software Developers,Programming
Digital Analysts,Data
Digital Architects,Programming
Digital Content Designers,Web Development
Digital Content Managers,IT Admin
Digital Designers,Design
Digital Managers,Sales
Digital Marketing Executives,Social
Digital Project Managers,IT Management
Digital Web Designers,Web Development
Direct Support Workers,Technician
Directors of Business Development,Sales
Directors of Cyber Security,Security
Directors of Data Engineering,IT Management
Directors of Data Science,IT Management
Directors of Engineering,IT Management
Directors of Information Technology,IT Management
Directors of It Support,IT Management
Directors of Software Engineering,IT Management
Document Coordinators,IT Admin
Drupal Developers,Web Development
Duty Managers,Other
Dynamics 365 Developers,IT Admin
Dynamics Ax Developers,Data
Dynamics Ax Technical Architects,Specialist
Dynamics CRM Developers,Data
Dynamics Nav Consultants,Sales
Dynamics Nav Developers,IoT Programming
E-Commerce Managers,Web Development
E-Learning Developers,Education
Electronic Warfare Analysts,Specialist
Electronics Engineers,Electronics
Electronics Technicians 2nd Class,Misc
Embedded Linux Software Engineers,IoT Programming
Embedded Software Engineers,IoT Programming
Engine Programmers,Specialist
Engineering Managers,Programming
Engineers,Technician
Enterprise Architects,Design
Enterprise Service Desk Specialists,Technician
Enterprise Software Engineers,Cloud
Epicor ERP Analysts,Design
ERP Systems Managers,Recruitment
Ethical Hackers,Security
ETL Developers,Specialist
Experience Architects,Design
Field Engineers,Technician
Field Support Engineers,Technician
Financial Software Developers,Programming
Financial Systems Analysts,Design
Firmware Engineers,Programming
First Line Supervisors,IT Management
Fixed-Term Faculties,Education
Foundation Managers,Programming
Fpga Engineers,IoT Programming
Front End Developers,Web Development
Front End Developers/Designers,Design
Front End Engineers,Web Development
Front End JavaScript Developers,Web Development
Front End React Developers,Web Development
Front End Software Developers,Programming
Front End Software Engineers,Web Development
Front End Web Developers,Web Development
Front End Web UI Developers,Web Development
Full Stack C# Developers,Web Development
Full Stack Developers,Web Development
Full Stack Engineers,Web Development
Full Stack Java Developers,Web Development
Full Stack JavaScript Developers,Web Development
Full Stack JavaScript Engineers,Web Development
Full Stack Python Developers,Web Development
Full Stack Software Developers,Web Development
Full Stack Software Engineers,Web Development
Full Stack Web Developers,Web Development
Game Developers,Programming
Game Testers,Testing
Gameplay Programmers,Games
Global Product Development Managers,IT Management
Graduate Analysts,Data
Graduate Engineers,Technician
Graduate Managers,IT Management
Hardware Engineers,Technician
Headquarter Company Commanders,Misc
Heads of Data Science,Data
Heads of Information Security,Security
Help Desk Analysts,Technician
Help Desk Coordinators,IT Admin
Help Desk Engineers,Technician
Help Desk Managers,IT Admin
Help Desk Specialists,IT Admin
Help Desk Support Technicians,Technician
Help Desk Technicians,Technician
High Performance Computing Engineers,Specialist
Home Administrators,Technician
Homeworkers,Other
HTML Developers,Web Development
HTML5 Developers,Web Development
Hybris Developers,Data
ICT Engineers,Technician
ICT Technicians,Technician
Image Processing Engineers,ML/AI
Implementation Analysts,Testing
Implementation Consultants,Sales
Implementation Engineers,Programming
Implementation Managers,IT Management
Incident Response Consultants,IT Admin
Information Architects,Data
Information Assurance Consultants,Sales
Information Security Analysts,Security
Information Security Consultants,Security
Information Security Engineers,Security
Information Security Managers,Security
Information Security Risk Managers,Security
Information Security Specialists,Security
Information Services Developers,Design
Information Systems Analysts,Data
Information Systems Managers,Data
Infrastructure Administrators,Networking
Infrastructure Analysts,Technician
Infrastructure Architects,IT Management
Infrastructure Delivery Managers,Networking
Infrastructure Developers,Networking
Infrastructure Engineers,Technician
Infrastructure Managers,Networking
Infrastructure Operations Managers,IT Management
Infrastructure Security Analysts,Security
Infrastructure Software Engineers,Programming
Infrastructure Support Engineers,Technician
Infrastructure Support Managers,IT Management
Infrastructure Support Specialists,Technician
Infrastructure Support Technicians,Technician
Infrastructure Systems Administrators,Networking
Infrastructure Systems Engineers,Technician
Infrastructure Team Leads,Networking
Infrastructure Technical Architects,Technician
Infrastructure Technicians,Technician
Insights Analysts,Social
Installation Engineers,Technician
Integration Architects,Testing
Integration Developers,Programming
Integration Engineers,Testing
Interior Designers,Other
iOS Developers,App Programming
iOS Engineers,App Programming
iOS Mobile Developers,App Programming
iOS Software Engineers,App Programming
iOS/Android Developers,App Programming
IT Administrators,Networking
IT Analysts,Design
IT Application Support Analysts,Technician
IT Application Support Managers,IT Admin
IT Apprentices,Technician
IT Assistants,Technician
IT Audit Managers,IT Admin
IT Business Partners,Specialist
IT Business Systems Analysts,Design
IT Desktop Support Analysts,Technician
IT Desktop Support Specialists,IT Admin
IT Desktop Support Technicians,Technician
IT Developers,Programming
IT Engineers,Technician
IT Executives,IT Management
IT Field Engineers,Technician
IT Field Service Engineers,Technician
IT Field Technicians,Technician
IT Help Desk Support Technicians,Technician
IT Help Desk Technicians,Technician
IT Infrastructure Analysts,Networking
IT Infrastructure Engineers,Technician
IT Infrastructure Leads,IT Server
IT Infrastructure Managers,IT Management
IT Infrastructure Project Managers,IT Management
IT Infrastructure Technicians,Technician
IT Managers,IT Management
IT Network Engineers,Networking
IT Network Security Engineers,Security
IT Network Technicians,Networking
IT Operations Managers,IT Management
IT Professionals,IT Management
IT Project Managers,IT Management
IT Release Managers,Testing
IT Security Analysts,Security
IT Security Architects,Security
IT Security Engineers,Security
IT Security Managers,Security
IT Service Desk Analysts,Technician
IT Service Desk Managers,IT Admin
IT Service Desk Technicians,Technician
IT Software Developers,Programming
IT Solutions Analysts,Design
IT Solutions Developers,Programming
IT Support Administrators,Technician
IT Support Analysts,Technician
IT Support Assistants,Technician
IT Support Consultants,Technician
IT Support Engineers,Technician
IT Support Leads,Technician
IT Support Managers,IT Management
IT Support Officers,Technician
IT Support Services Managers,IT Admin
IT Support Specialists,Technician
IT Support Team Leads,Technician
IT Support Technicians,Technician
IT Supporters,Technician
IT Systems Administrators,Networking
IT Systems Analysts,Design
IT Systems Engineers,Technician
IT Systems Managers,IT Management
IT Systems Support Analysts,Technician
IT Team Leads,IT Management
IT Technical Support Analysts,Technician
IT Technical Support Managers,Technician
IT Technicians,Technician
IT Web Developers,Web Development
J2ee Developers,Programming
Java Application Developers,Programming
Java Developers,Programming
Java Engineers,Programming
Java Software Developers,Programming
Java Web Developers,Web Development
Java/Python Developers,Programming
JavaScript Application Developers,Web Development
JavaScript Architects,Web Development
JavaScript Developers,Web Development
JavaScript Engineers,Web Development
Juniper Network Engineers,Misc
Kafka Developers,Cloud
Kubernetes Engineers,Cloud
Lamp Developers,Web Development
Laravel Developers,Web Development
Lead .NET Developers,Programming
Lead Data Engineers,Data
Lead Data Scientists,Data
Lead Developers,Programming
Lead Digital Designers,Design
Lead Front End Developers,Web Development
Lead iOS Developers,App Programming
Lead It Engineers,Technician
Lead Java Developers,Programming
Lead Machine Learning Engineers,ML/AI
Lead PHP Developers,Web Development
Lead Python Developers,Programming
Lead Software Developers,Programming
Lead Software Engineers,Programming
Lead SQL Developers,Data
Lead System Architects,Design
Lead Technicians,Technician
Lead UI Designers,Design
Lead UX Designers,Design
Lead Web Developers,Web Development
Leadership Development Program Managers,IT Management
Learning and Development Managers,Education
Lecturers in Computer Science,Education
Line Engineers,Technician
Line Support Engineers,Technician
Linux Administrators,IT Server
Linux DevOps Engineers,Programming
Linux Engineers,Networking
Linux System Administrators,IT Server
Linux Systems Engineers,IT Server
Localization Testers,Testing
Machine Learning Data Scientists,ML/AI
Machine Learning Engineers,ML/AI
Machine Learning Researchers,ML/AI
Machine Learning Scientists,ML/AI
Machine Learning Software Engineers,ML/AI
Managers/Data Scientists,Data
Manual Quality Assurance Testers,Testing
Mes Developers,Programming
Microsoft Consultants,Sales
Microsoft Dynamics Ax Consultants,Cloud
Microsoft Dynamics CRM Developers,Cloud
Microsoft Dynamics Developers,Cloud
Microsoft Solutions Architects,Programming
Middleware Engineers,Web Development
Mission Systems Engineers,Specialist
Mobile Application Developers,App Programming
Mobile Developers,App Programming
Mobile Engineers,Technician
Modeling Engineers,ML/AI
Mongodb Developers,Web Development
MySQL Database Administrators,Data
MySQL Developers,Data
Mystery Shoppers,Other
National Hiring Managers,Recruitment
National Service Managers,IT Management
Netsuite Administrators,IT Admin
Netsuite Managers,IT Server
Network Administrators,Networking
Network Architects,Networking
Network Coordinators,Networking
Network Design Engineers,Networking
Network Engineers,Networking
Network Security Engineers,Security
Network Security Specialists,Security
Network Software Engineers,Specialist
Network Support Engineers,Security
Network Systems Engineers,Networking
Network Technicians,Networking
Nlp Engineers,Specialist
Node.Js Developers,Web Development
Nt Systems Administrators,IT Server
Office 365 Administrators,IT Admin
Office 365 Architects,Cloud
Office 365 Engineers,Cloud
Office Administrators,IT Admin
Offshore Managers,Other
Operations Analysts,IT Management
Operations Engineers,Technician
Operations Managers,IT Management
Operations Specialists 1st Class,Misc
Operations Specialists 2nd Class,Technician
Oracle Database Administrators,Data
Oracle Developers,Data
Oracle PL/SQL Developers,Data
PaaS Architects,Cloud
Partner Solutions Architects,Sales
Pc Administrators,Technician
Peer Support Apprentices,IT Admin
Penetration Testers,Security
PHP Developers,Web Development
PHP Full Stack Developers,Web Development
PHP Software Developers,Web Development
PHP Web Application Developers,Web Development
PHP Wordpress Developers,Web Development
Platform Developers,Programming
Platform Engineering Managers,Specialist
Platform Engineers,IT Admin
Platform Managers,IT Server
Platform Software Engineers,Programming
PLC Programmers,Electronics
Plm Consultants,Sales
Powertrain Engineers,Specialist
Pre-Sales Architects,IT Admin
Pre-Sales Solution Architects,Sales
Principal Security Software Engineers,Security
Product Architects,Programming
Product Designers,Design
Product Managers,Sales
Professional Services Consultants,Sales
Program Managers,Testing
Programmer Analysts,Design
Programmers,Programming
Programmers/Developers,Programming
Project Coordinators,IT Management
Project Engineers,IT Management
Project Managers,IT Management
Project Support Assistants,IT Admin
Python Developers,Programming
Python Engineers,Programming
Python Software Developers,Programming
Python Software Engineers,Programming
Qlikview Developers,Data
Quality Assurance Analysts,Testing
Quality Assurance Automation Engineers,Testing
Quality Assurance Engineers,Testing
Quality Assurance Testers,Testing
Quality Assurance Testing Analysts,Testing
Quantitative Developers,Design
Quantitative Software Engineers,Programming
R Developers,ML/AI
R Programmerdevelopers,ML/AI
React Developers,Web Development
React JavaScript Developers,Web Development
Reactjs Developers,Web Development
Recruitment Consultants,Sales
Recruitment Managers,Recruitment
Release Managers,Programming
Reliability Engineers,Testing
Requirements Managers,IT Management
Research Scientists,ML/AI
Retail Systems Managers,Sales
Robotics Engineers,Specialist
Robotics Software Engineers,IoT Programming
Ruby on Rails Developers,Web Development
Sales Administrators,Sales
Sales Consultants,Sales
Sales Engineers,IT Admin
Sales Solution Architects,Sales
Salesforce Administrators,IT Server
Salesforce Developers,Web Development
SAP ABAP Developers,Programming
SAS Programmers,Web Development
Scala Developers,ML/AI
Scrum Masters,IT Management
Scrum Masters/Project Managers,IT Management
Sdlc Project Managers,Specialist
Security Analysts,Security
Security Architects,Security
Security Consultants,Security
Security Engineering Managers,Security
Security Engineers,Security
Security Managers,Security
Security Specialists,Security
Security Technicians,Security
Selenium Automation Testers,Testing
Server Specialists,Networking
Service Apprentices,Technician
Service Coordinators,IT Management
Service Delivery Managers,IT Admin
Service Desk Administrators,IT Admin
Service Desk Analysts,Data
Service Desk Engineers,Technician
Service Desk Managers,IT Admin
Service Desk Support Technicians,Data
Service Desk Team Leaders,IT Admin
Service Desk Technicians,Technician
Service Managers,IT Management
Service Team Leaders,IT Management
Service Technicians,Technician
Services Software Engineers,Programming
Set Up Technicians,Technician
Sharepoint Administrators,Cloud
Sharepoint Developers,Programming
Shift Managers,IT Management
Shopify Developers,Web Development
Site Reliability Engineers,Technician
Soc Analysts,IoT Programming
Social Networking Interns,Social
Software Account Managers,IT Admin
Software Analysts,Design
Software Application Developers,Programming
Software Application Development Engineers,Programming
Software Application Testers,Testing
Software Architects,Programming
Software Configuration Engineers,Technician
Software Delivery Managers,IT Management
Software Developer Engineers,Programming
Software Developers,Programming
Software Developers in Test,Testing
Software Developers/Architects,Programming
Software Development Engineers,Programming
Software Development Managers,IT Management
Software Engineering Interns,Programming
Software Engineering Managers,IT Management
Software Engineers,Programming
Software Engineers in C,Programming
Software Engineers in Test,Testing
Software Engineers/Programmers,Programming
Software Implementation Consultants,Sales
Software Programmers,Programming
Software Project Managers,IT Management
Software Quality Assurance Engineers,Testing
Software Solutions Architects,Programming
Software Support Analysts,Programming
Software Support Consultants,Sales
Software Support Engineers,IT Admin
Software Support Managers,IT Admin
Software Support Specialists,Sales
Software Support Technicians,Technician
Software Systems Engineers,Programming
Software Technical Support Specialists,IT Admin
Software Technicians,Technician
Software Test Analysts,Testing
Software Test Automation Engineers,IoT Programming
Software Test Engineers,Testing
Software Testers,Testing
Solution Architects,Design
Solution Designers,Design
Solution Developers,Programming
Solutions Analysts,Programming
Solutions Architects,Programming
Solutions Consultants,Sales
Solutions Engineers,Programming
SQL Data Analysts,Data
SQL Database Administrators,Data
SQL Database Analysts,Data
SQL Database Developers,Data
SQL Developers,Data
SQL Server Database Administrators,Data
SQL Server Developers,Data
SSRS Developers,Data
Stack .NET Developers,Programming
Stack Engineers,IT Server
Statistical Programmers,Programming
Storage Engineers,Technician
Support Analysts,Technician
Support Coordinators,IT Admin
Support Desk Analysts,Technician
Support Engineers,Technician
Support Managers,IT Management
Support Officers,Technician
Support Specialists,Technician
Support Technicians,Technician
Support Workers,Other
Systems Administrators,Networking
Systems Analysts,Design
Systems Architects,Design
Systems Architecture Engineers,Design
Systems Developers,Programming
Systems Development Analysts,Design
Systems Development Engineers,Programming
Systems Engineering Managers,IT Management
Systems Engineers,Technician
Systems Implementation Managers,IT Management
Systems Integration Engineers,Programming
Systems Managers,IT Server
Systems Project Managers,IT Management
Systems Requirements Engineers,Design
Systems Security Engineers,Security
Systems Specialists,Other
Systems Support Administrators,IT Admin
Systems Support Analysts,Technician
Systems Support Engineers,Technician
Syteline Programmer Analysts,Data
Tableau Developers,Programming
Team Coordinators,IT Management
Team Leads,IT Management
Team Managers,IT Management
Teamcenter Developers,Programming
Technical Account Managers,Sales
Technical Analysts,Sales
Technical Apprentices,Technician
Technical Architects,Programming
Technical Authors,IT Quality
Technical Business Analysts,Sales
Technical Consultants,Sales
Technical Delivery Managers,IT Management
Technical Engineers,Technician
Technical Leads,IT Management
Technical Operations Engineers,Technician
Technical Project Managers,IT Management
Technical Services Engineers,Technician
Technical Software Support Engineers,Technician
Technical Solutions Architects,Design
Technical Support Advisors,IT Admin
Technical Support Analysts,Technician
Technical Support Assistants,IT Admin
Technical Support Engineers,Technician
Technical Support Managers,Technician
Technical Support Officers,Technician
Technical Support Specialists,Technician
Technical Support Technicians,Technician
Technology Analysts,Design
Technology Architects,Programming
Technology Associates,Sales
Technology Developers,Other
Technology Engineers,Technician
Technology Software Engineers,Programming
Telecommunications Engineers,Technician
Telephony Engineers,Technician
Test Analysts,Testing
Test Automation Engineers,Testing
Test Engineers,Testing
Test Managers,Testing
Testers,Testing
Trainee Recruitment Consultants,Sales
Transformation Managers,IT Management
UI Designers,Design
UI Developers,Design
UI Engineers,Design
UI Programmers,Programming
UI/UX Designers,Design
UI/UX Developers,Design
Unclassified,Other
Unified Communications Engineers,Technician
Unix Administrators,IT Server
UX Designers,Design
UX Developers,Design
VB.NET Developers,Programming
Vulnerability Analysts,Security
Web Administrators,IT Admin
Web Analysts,Data
Web Analytics Managers,Social
Web and Email Designers,Social
Web Application Developers,Web Development
Web Designers,Web Development
Web Developers,Web Development
Web Developers Apprentice,Web Development
Web Developers/Designers,Web Development
Web Development Instructors,Education
Web Development Managers,IT Server
Web Engineers,Web Development
Web Producers,Web Development
Web Testers,Testing
Web UI Developers,Design
Website Administrators,IT Server
Website Coordinators,IT Server
Website Designers,Web Development
Website Developers,Web Development
Website Managers,IT Server
Windows Administrators,Networking
Windows Desktop Engineers,IT Admin
Windows Engineers,Technician
Windows Support Engineers,IT Admin
Windows Systems Engineers,Technician
Windows Vmware Engineers,Cloud
Wordpress Developers,Web Development
Workflow Consultants,IT Management
WPF Developers,Programming
